{
  "bert": {
    "model": "bert",
    "label": "BERT (general)",
    "attention_plausibility_mean": 0.5964364152990876,
    "attention_plausibility_std": 0.3529114819153793,
    "per_layer_plausibility_mean": [
      0.6262892153798835,
      0.5609902973531091,
      0.6143729918943404,
      0.5883910470099565,
      0.6078253728467214,
      0.6309313212415015,
      0.6133734725860918,
      0.5738594297183904,
      0.5224146453628229,
      0.6220443748545552,
      0.6320468521450828,
      0.5964364152990876
    ],
    "lime_plausibility_mean": 0.6981390560658853,
    "lime_plausibility_std": 0.3605258515025725,
    "k=3": {
      "comprehensiveness_mean": 0.09157229401171207,
      "comprehensiveness_std": 0.4083528867313786,
      "sufficiency_mean": -0.04189466834976906,
      "sufficiency_std": 0.3072183227500748,
      "n_examples": 82
    },
    "k=5": {
      "comprehensiveness_mean": 0.11572770190584224,
      "comprehensiveness_std": 0.42225916281222914,
      "sufficiency_mean": -0.037999992872156746,
      "sufficiency_std": 0.23844031787959222,
      "n_examples": 82
    },
    "k=10": {
      "comprehensiveness_mean": 0.14379931422995357,
      "comprehensiveness_std": 0.42206176665304507,
      "sufficiency_mean": -0.01249589884608257,
      "sufficiency_std": 0.16383186239140313,
      "n_examples": 82
    },
    "comprehensiveness_mean": 0.11572770190584224,
    "comprehensiveness_std": 0.42225916281222914,
    "sufficiency_mean": -0.037999992872156746,
    "sufficiency_std": 0.23844031787959222,
    "n_examples": 82,
    "cross_agreement_spearman": 0.09215991635373877,
    "cross_agreement_std": 0.36450941284339,
    "n_attention": 82,
    "n_lime": 82
  },
  "biobert": {
    "model": "biobert",
    "label": "BioBERT (domain)",
    "attention_plausibility_mean": 0.5277007963342253,
    "attention_plausibility_std": 0.3336945895187271,
    "per_layer_plausibility_mean": [
      0.5522258886498483,
      0.5231087539911068,
      0.5250113110227888,
      0.4880768143859966,
      0.471798478900344,
      0.52546664836837,
      0.5111703755355117,
      0.4681314142576696,
      0.44747757622578277,
      0.4569231999468729,
      0.5035467999241313,
      0.5277007963342253
    ],
    "lime_plausibility_mean": 0.7171286031042128,
    "lime_plausibility_std": 0.35859951890805714,
    "k=3": {
      "comprehensiveness_mean": 0.19858503107708403,
      "comprehensiveness_std": 0.4769315220478646,
      "sufficiency_mean": -0.04482740945205456,
      "sufficiency_std": 0.21957873895943736,
      "n_examples": 82
    },
    "k=5": {
      "comprehensiveness_mean": 0.1786686766824526,
      "comprehensiveness_std": 0.45692257138165654,
      "sufficiency_mean": -0.02804878163265019,
      "sufficiency_std": 0.20290854645015363,
      "n_examples": 82
    },
    "k=10": {
      "comprehensiveness_mean": 0.158685523925758,
      "comprehensiveness_std": 0.4580185665632873,
      "sufficiency_mean": 0.008542930752765842,
      "sufficiency_std": 0.1764211634846784,
      "n_examples": 82
    },
    "comprehensiveness_mean": 0.1786686766824526,
    "comprehensiveness_std": 0.45692257138165654,
    "sufficiency_mean": -0.02804878163265019,
    "sufficiency_std": 0.20290854645015363,
    "n_examples": 82,
    "cross_agreement_spearman": 0.12765515813083833,
    "cross_agreement_std": 0.3723119371556881,
    "n_attention": 82,
    "n_lime": 82
  },
  "pubmedbert": {
    "model": "pubmedbert",
    "label": "PubMedBERT (domain)",
    "attention_plausibility_mean": 0.8117987828032758,
    "attention_plausibility_std": 0.28578244934738517,
    "per_layer_plausibility_mean": [
      0.7462361789544075,
      0.49004509611056446,
      0.6996991740252331,
      0.7101826999131237,
      0.5880067176440732,
      0.6788480115662401,
      0.7628731149751689,
      0.761276134719652,
      0.79307055980676,
      0.7685932078903837,
      0.7702482601551922,
      0.8117987828032758
    ],
    "lime_plausibility_mean": 0.7477325520008447,
    "lime_plausibility_std": 0.3424074134512205,
    "k=3": {
      "comprehensiveness_mean": 0.17589414530865302,
      "comprehensiveness_std": 0.44610373360165784,
      "sufficiency_mean": 0.021688078484702403,
      "sufficiency_std": 0.27716857403262846,
      "n_examples": 82
    },
    "k=5": {
      "comprehensiveness_mean": 0.18779433343741225,
      "comprehensiveness_std": 0.46703065742841,
      "sufficiency_mean": 0.022348890444490968,
      "sufficiency_std": 0.23937588453194286,
      "n_examples": 82
    },
    "k=10": {
      "comprehensiveness_mean": 0.29733233753500915,
      "comprehensiveness_std": 0.4600748105432987,
      "sufficiency_mean": -0.0012140047577459637,
      "sufficiency_std": 0.20059264395949927,
      "n_examples": 82
    },
    "comprehensiveness_mean": 0.18779433343741225,
    "comprehensiveness_std": 0.46703065742841,
    "sufficiency_mean": 0.022348890444490968,
    "sufficiency_std": 0.23937588453194286,
    "n_examples": 82,
    "cross_agreement_spearman": 0.11420021545890655,
    "cross_agreement_std": 0.38692337828112305,
    "n_attention": 82,
    "n_lime": 82
  },
  "roberta": {
    "model": "roberta",
    "label": "RoBERTa (general, BPE)",
    "attention_plausibility_mean": 0.40082129937434957,
    "attention_plausibility_std": 0.28745056137379443,
    "per_layer_plausibility_mean": [
      0.4261840173432516,
      0.43626611004729554,
      0.4256353171922184,
      0.3377518087730455,
      0.2945801555083243,
      0.33945027967883346,
      0.3189805084932617,
      0.3617904288322047,
      0.3333065482141778,
      0.37495647402649124,
      0.3880241680857018,
      0.4008212993743495
    ],
    "lime_plausibility_mean": 0.6994166402702988,
    "lime_plausibility_std": 0.36781723385572096,
    "k=3": {
      "comprehensiveness_mean": 0.14039610410336315,
      "comprehensiveness_std": 0.4196843813933384,
      "sufficiency_mean": -0.047304262293548116,
      "sufficiency_std": 0.30174825775041875,
      "n_examples": 82
    },
    "k=5": {
      "comprehensiveness_mean": 0.14431008187735953,
      "comprehensiveness_std": 0.4536141937372635,
      "sufficiency_mean": -0.047506012295077484,
      "sufficiency_std": 0.24239080361944446,
      "n_examples": 82
    },
    "k=10": {
      "comprehensiveness_mean": 0.20478426092645016,
      "comprehensiveness_std": 0.4399362631182586,
      "sufficiency_mean": -0.016827164081538597,
      "sufficiency_std": 0.20564288691871538,
      "n_examples": 82
    },
    "comprehensiveness_mean": 0.14431008187735953,
    "comprehensiveness_std": 0.4536141937372635,
    "sufficiency_mean": -0.047506012295077484,
    "sufficiency_std": 0.24239080361944446,
    "n_examples": 82,
    "cross_agreement_spearman": 0.08002742366674062,
    "cross_agreement_std": 0.3767583317272614,
    "n_attention": 82,
    "n_lime": 82
  },
  "distilbert": {
    "model": "distilbert",
    "label": "DistilBERT (distilled)",
    "attention_plausibility_mean": 0.6132212392823824,
    "attention_plausibility_std": 0.3729836371345667,
    "per_layer_plausibility_mean": [
      0.600009857168561,
      0.5659493638396355,
      0.5570220522905122,
      0.5667966273089898,
      0.5174119672535981,
      0.6132212392823823
    ],
    "lime_plausibility_mean": 0.7029880688417274,
    "lime_plausibility_std": 0.36915855604421494,
    "k=3": {
      "comprehensiveness_mean": 0.06721765175461769,
      "comprehensiveness_std": 0.38959999852632404,
      "sufficiency_mean": -0.05674803565915038,
      "sufficiency_std": 0.26102293880814664,
      "n_examples": 82
    },
    "k=5": {
      "comprehensiveness_mean": 0.06771843012694906,
      "comprehensiveness_std": 0.3807831243629877,
      "sufficiency_mean": -0.001010353881411436,
      "sufficiency_std": 0.22535233926028406,
      "n_examples": 82
    },
    "k=10": {
      "comprehensiveness_mean": 0.12157231755554676,
      "comprehensiveness_std": 0.36284969505173853,