{
  "mean_spearman_r": 0.11227784130983064,
  "std_spearman_r": 0.41985357913031884,
  "n_examples": 30,
  "per_example": [
    -0.052209826487463286,
    -0.21124831735652808,
    0.0,
    -0.21412356236175645,
    0.709090909090909,
    0.5757575757575757,
    0.2455017632229314,
    0.10621410617001126,
    -0.5515151515151515,
    0.5151515151515151,
    -0.15945371665237182,
    -0.45164671368753917,
    0.8303030303030302,
    1.0,
    -0.11862170520800654,
    0.38181818181818183,
    -0.09090909090909088,
    0.5375868161422822,
    -0.5421426366180643,
    0.03333333333333333,
    -0.3939393939393939,
    0.013667461427346159,
    0.34386176585302697,
    0.3450789794499594,
    0.09090909090909088,
    0.3939393939393939,
    -0.6969696969696969,
    0.10022805046720515,
    0.01655186584297766,
    0.6121212121212121
  ]
}