{
  "k=3": {
    "comprehensiveness_mean": 0.25173769127577544,
    "comprehensiveness_std": 0.4684540526954418,
    "sufficiency_mean": 0.009809523075819015,
    "sufficiency_std": 0.23088079367521783,
    "n_examples": 50
  },
  "k=5": {
    "comprehensiveness_mean": 0.27772527592256663,
    "comprehensiveness_std": 0.4997566064430202,
    "sufficiency_mean": 0.01363439902663231,
    "sufficiency_std": 0.18322587900732404,
    "n_examples": 50
  },
  "k=10": {
    "comprehensiveness_mean": 0.2555118982307613,
    "comprehensiveness_std": 0.4308227146756726,
    "sufficiency_mean": -0.01880676731467247,
    "sufficiency_std": 0.17226886217121734,
    "n_examples": 50
  },
  "comprehensiveness_mean": 0.27772527592256663,
  "comprehensiveness_std": 0.4997566064430202,
  "sufficiency_mean": 0.01363439902663231,
  "sufficiency_std": 0.18322587900732404,
  "n_examples": 50
}