{
  "mean": [
    0.5420836516424752,
    0.5215841184958832,
    0.5544179186826245,
    0.47179696120872594,
    0.47890013581190055,
    0.48425918852389443,
    0.5243241235888294,
    0.4574535268652916,
    0.4670458789576436,
    0.43828877005347605,
    0.4820477888124948,
    0.4840066632713692
  ],
  "std": [
    0.31900040559551723,
    0.3116191833296064,
    0.32411743905608437,
    0.31320214123983603,
    0.33173293878679155,
    0.3105434442571688,
    0.3194577033649363,
    0.3183520483194829,
    0.311402362037037,
    0.3245474826558795,
    0.31111264448019027,
    0.316651783681269
  ],
  "n_examples": 30
}