{
  "model": "biobert",
  "label": "BioBERT (domain)",
  "attention_plausibility_mean": 0.48400666327136915,
  "attention_plausibility_std": 0.316651783681269,
  "per_layer_plausibility_mean": [
    0.5420836516424752,
    0.5215841184958832,
    0.5544179186826245,
    0.47179696120872594,
    0.47890013581190055,
    0.48425918852389443,
    0.5243241235888294,
    0.4574535268652916,
    0.4670458789576436,
    0.43828877005347605,
    0.4820477888124948,
    0.4840066632713692
  ],
  "lime_plausibility_mean": 0.7988528138528137,
  "lime_plausibility_std": 0.3187014405611278,
  "k=3": {
    "comprehensiveness_mean": 0.25173769127577544,
    "comprehensiveness_std": 0.4684540526954418,
    "sufficiency_mean": 0.009809523075819015,
    "sufficiency_std": 0.23088079367521783,
    "n_examples": 50
  },
  "k=5": {
    "comprehensiveness_mean": 0.27772527592256663,
    "comprehensiveness_std": 0.4997566064430202,
    "sufficiency_mean": 0.01363439902663231,
    "sufficiency_std": 0.18322587900732404,
    "n_examples": 50
  },
  "k=10": {
    "comprehensiveness_mean": 0.2555118982307613,
    "comprehensiveness_std": 0.4308227146756726,
    "sufficiency_mean": -0.01880676731467247,
    "sufficiency_std": 0.17226886217121734,
    "n_examples": 50
  },
  "comprehensiveness_mean": 0.27772527592256663,
  "comprehensiveness_std": 0.4997566064430202,
  "sufficiency_mean": 0.01363439902663231,
  "sufficiency_std": 0.18322587900732404,
  "n_examples": 50,
  "cross_agreement_spearman": 0.11227784130983064,
  "cross_agreement_std": 0.41985357913031884,
  "n_attention": 30,
  "n_lime": 50
}