{
  "mean_spearman_r": 0.09215991635373877,
  "std_spearman_r": 0.36450941284339,
  "n_examples": 82,
  "per_example": [
    0.6363636363636362,
    0.1926255823761221,
    0.6727272727272726,
    0.6697056099399616,
    -0.2385979599796513,
    0.3052650370327892,
    0.6484848484848483,
    0.406060606060606,
    -0.5,
    -0.34386176585302697,
    -0.350798176635218,
    1.0,
    -0.2779050490227052,
    -0.5151515151515151,
    -0.23944255716935955,
    -0.3626522873451669,
    0.32121212121212117,
    -0.19999999999999998,
    0.5833333333333334,
    -0.09074886188289948,
    -0.24250981178296438,
    0.4787878787878787,
    0.24848484848484845,
    0.1258830048897004,
    0.0,
    0.006060606060606061,
    0.08463645845412043,
    -0.13939393939393938,
    0.9571459866735691,
    0.3333353852656894,
    -0.03189074333047437,
    0.17575757575757575,
    0.09090909090909088,
    0.4464704066266411,
    0.2475429215554181,
    0.7333333333333332,
    0.2675884977948054,
    -0.09859399412855982,
    -0.1757639920261852,
    0.04242424242424241,
    0.2414584852164488,
    0.35757575757575755,
    -0.10512007946125904,
    -0.175439676455626,
    -0.24601430569223082,
    0.11977980754514661,
    0.17655323565842834,
    0.31193973345246884,
    0.8666666666666665,
    0.21867938283753854,
    0.1913444599828462,
    0.10303030303030303,
    -0.1913444599828462,
    0.29696969696969694,
    -0.07042428152039987,
    0.4358396204770778,
    0.24848484848484845,
    -0.38175186751720386,
    0.28484848484848485,
    -0.7575757575757575,
    -0.08200476856407693,
    0.07142857142857144,
    0.03189074333047437,
    -0.04610274446610239,
    0.2277910237891026,
    0.1138955118945513,
    -0.31593021351542144,
    -0.5952380952380953,
    0.35757575757575755,
    0.43984454300895226,
    -0.5726278012758057,
    -0.12280777351893818,
    0.05454545454545454,
    0.6317295463403139,
    -0.5229577884350213,
    -0.01818181818181818,
    0.309090909090909,
    -0.23636363636363633,
    0.07289312761251283,
    0.01818181818181818,
    0.2329815732286288,
    -0.28484848484848485
  ]
}