{
  "mean": [
    0.6262892153798835,
    0.5609902973531091,
    0.6143729918943404,
    0.5883910470099565,
    0.6078253728467214,
    0.6309313212415015,
    0.6133734725860918,
    0.5738594297183904,
    0.5224146453628229,
    0.6220443748545552,
    0.6320468521450828,
    0.5964364152990876
  ],
  "std": [
    0.38225298794039714,
    0.3808143743547866,
    0.3602519826750553,
    0.3777715572041493,
    0.3690053241330548,
    0.3752911059318295,
    0.3807602094260262,
    0.36664287649462274,
    0.3447505062795672,
    0.38761200895317316,
    0.3389592396078584,
    0.3529114819153792
  ],
  "n_examples": 82
}