{
  "mean_spearman_r": 0.0981034083263039,
  "std_spearman_r": 0.37971358447779524,
  "n_examples": 82,
  "per_example": [
    0.22424242424242422,
    -0.027003586314409644,
    0.05454545454545454,
    0.6059241232790129,
    -0.10526380587337558,
    0.030974133571227854,
    0.6363636363636362,
    0.6727272727272726,
    -0.5,
    0.10526380587337558,
    -0.18245726351385103,
    -0.39999999999999997,
    -0.36446563806256416,
    -0.10235376158069957,
    -0.11972127858467978,
    -0.6241474051821412,
    -0.07878787878787878,
    0.0,
    0.4666666666666666,
    0.12300715284611541,
    -0.5428660006884708,
    -0.17575757575757575,
    0.7333333333333332,
    0.5581198913448681,
    0.0,
    0.7939393939393938,
    0.10011872963516877,
    0.006060606060606061,
    0.5512542775696283,
    0.2596507211543264,
    -0.016296743401013895,
    -0.8909090909090909,
    -0.28484848484848485,
    0.4282471247235129,
    -0.33266674213438663,
    0.6242424242424242,
    -0.31448545101657555,
    -0.19014556010507966,
    0.5050433694929626,
    0.3006841514016155,
    -0.7608220194556026,
    0.29696969696969694,
    0.3052650370327892,
    0.33257489473208984,
    0.3143516128289616,
    -0.09282935084748863,
    0.35034782700969375,
    0.5596565806059001,
    0.779045301358731,
    -0.10933969141876927,
    0.5148077137633719,
    0.6363636363636362,
    0.5466984570938462,
    -0.5056960728118078,
    0.5774791084672789,
    0.514097255098919,
    0.6242424242424242,
    0.04149476820839173,
    0.16363636363636364,
    -0.3939393939393939,
    0.24848484848484845,
    0.2380952380952381,
    -0.12756297332189748,
    0.14597358117249534,
    -0.013667461427346159,
    -0.09473742528603801,
    -0.4373683271330803,
    -0.11904761904761905,
    0.1412304347492436,
    0.2369026647406667,
    -0.2130064768030775,
    0.23234684426488467,
    -0.28484848484848485,
    -0.32080352627343134,
    0.5052662681922028,
    0.17575757575757575,
    0.22424242424242422,
    0.34545454545454546,
    -0.086560589039859,
    0.06666666666666665,
    0.3166004565009403,
    -0.35757575757575755
  ]
}