{
  "mean": [
    0.600009857168561,
    0.5659493638396355,
    0.5570220522905122,
    0.5667966273089898,
    0.5174119672535981,
    0.6132212392823823
  ],
  "std": [
    0.38027401838473324,
    0.37834627560390577,
    0.3725432791153442,
    0.38511691271042997,
    0.3748696326306426,
    0.3729836371345666
  ],
  "n_examples": 82
}