{
  "mean_spearman_r": 0.08002742366674062,
  "std_spearman_r": 0.3767583317272614,
  "n_examples": 82,
  "per_example": [
    -0.006060606060606061,
    0.2937801868206383,
    -0.2606060606060606,
    0.14589733048321551,
    -0.09111640951564104,
    0.39834977480056055,
    0.3939393939393939,
    0.07878787878787878,
    -1.0,
    -0.33684417879480183,
    -0.16856535760393596,
    0.6000000000000001,
    0.19590028045862823,
    0.011104512309987975,
    -0.22424242424242422,
    0.009111640951564104,
    0.6242424242424242,
    -0.39999999999999997,
    -0.13333333333333333,
    0.167735732178538,
    -0.10478387094298722,
    0.6363636363636362,
    0.29696969696969694,
    0.24470005703683886,
    0.0,
    0.16363636363636364,
    -0.5686976068057565,
    -0.35757575757575755,
    0.5922566618516668,
    -0.03644656380625642,
    0.4947398876048652,
    -0.6242424242424242,
    0.8060606060606059,
    0.5087750617213153,
    0.0973472769381447,
    0.9030303030303028,
    0.4419145861508591,
    0.2464849853213996,
    -0.8053995583984689,
    0.4783611499571155,
    -0.309090909090909,
    0.49090909090909085,
    0.0055326357611188955,
    0.12389653428491142,
    0.0,
    -0.008983485565885997,
    0.14386053469361332,
    0.33335391137041404,
    0.5831450209001027,
    -0.43280294519929496,
    0.33333333333333326,
    -0.3939393939393939,
    0.01822328190312821,
    -0.02277910237891026,
    0.6619882462917588,
    0.04735835389339086,
    0.006060606060606061,
    -0.5636363636363636,
    -0.6242424242424242,
    0.6,
    -0.14578625522502567,
    0.5476190476190477,
    0.2505701261680129,
    0.2053969536931063,
    0.2733492285469231,
    0.009111640951564104,
    0.0378226311955082,
    0.3571428571428572,
    0.2121212121212121,
    -0.371932114085927,
    -0.5354100231597957,
    0.3228090046783518,
    -0.13211879379767952,
    0.22323520331332056,
    0.07878787878787878,
    -0.33333333333333326,
    0.2727272727272727,
    0.006060606060606061,
    0.49090909090909085,
    0.24848484848484845,
    0.004555820475782052,
    -0.16363636363636364
  ]
}