{
  "k=3": {
    "comprehensiveness_mean": 0.14039610410336315,
    "comprehensiveness_std": 0.4196843813933384,
    "sufficiency_mean": -0.047304262293548116,
    "sufficiency_std": 0.30174825775041875,
    "n_examples": 82
  },
  "k=5": {
    "comprehensiveness_mean": 0.14431008187735953,
    "comprehensiveness_std": 0.4536141937372635,
    "sufficiency_mean": -0.047506012295077484,
    "sufficiency_std": 0.24239080361944446,
    "n_examples": 82
  },
  "k=10": {
    "comprehensiveness_mean": 0.20478426092645016,
    "comprehensiveness_std": 0.4399362631182586,
    "sufficiency_mean": -0.016827164081538597,
    "sufficiency_std": 0.20564288691871538,
    "n_examples": 82
  },
  "comprehensiveness_mean": 0.14431008187735953,
  "comprehensiveness_std": 0.4536141937372635,
  "sufficiency_mean": -0.047506012295077484,
  "sufficiency_std": 0.24239080361944446,
  "n_examples": 82
}