{
  "mean": [
    0.4261840173432516,
    0.43626611004729554,
    0.4256353171922184,
    0.3377518087730455,
    0.2945801555083243,
    0.33945027967883346,
    0.3189805084932617,
    0.3617904288322047,
    0.3333065482141778,
    0.37495647402649124,
    0.3880241680857018,
    0.4008212993743495
  ],
  "std": [
    0.3049870430646575,
    0.30809831234964075,
    0.30484450168401467,
    0.2834252321661202,
    0.2644957576210971,
    0.27299424473733075,
    0.2665309098295735,
    0.2980499919650016,
    0.28707586381878153,
    0.2976879891910228,
    0.30172878157586797,
    0.2874505613737945
  ],
  "n_examples": 82
}