{
  "mean_spearman_r": 0.1098751661067834,
  "std_spearman_r": 0.296907173603385,
  "n_examples": 30,
  "per_example": [
    0.48906755832133975,
    0.3945120158369459,
    0.3161108827136336,
    -0.48501962356592876,
    -0.04242424242424241,
    0.6121212121212121,
    0.3516018390324618,
    -0.12676370673671977,
    -0.04242424242424241,
    0.13939393939393938,
    0.07744894808829489,
    -0.18126928097700898,
    -0.13939393939393938,
    -0.5,
    0.17655323565842834,
    0.35757575757575755,
    -0.0303030303030303,
    0.5102518932875899,
    0.0,
    0.4666666666666666,
    -0.34545454545454546,
    0.09122863175692551,
    0.15489789617658978,
    0.03157914176201267,
    -0.0563394252163199,
    0.7212121212121211,
    0.12300715284611541,
    0.0954126716442474,
    -0.13572181712207526,
    0.2727272727272727
  ]
}