{
  "mean": [
    0.5723530829709318,
    0.5822653636726862,
    0.5901308607487096,
    0.5757369213547704,
    0.5668480324658813,
    0.598464194082043
  ],
  "std": [
    0.39967890159088887,
    0.3962961400681688,
    0.38804232134551625,
    0.4067276403737374,
    0.4109445085077605,
    0.39522102947937676
  ],
  "n_examples": 30
}