{
  "mean_spearman_r": 0.09309168917460653,
  "std_spearman_r": 0.3640818255244935,
  "n_examples": 30,
  "per_example": [
    0.4059580386066023,
    0.07042428152039987,
    0.4738053294813334,
    -0.3120269086658598,
    0.6484848484848483,
    0.7333333333333332,
    0.29509729004564234,
    -0.2464849853213996,
    -0.1515151515151515,
    0.23636363636363633,
    -0.2277910237891026,
    -0.20916866845382245,
    0.01818181818181818,
    -0.5,
    0.31724409532373843,
    0.3696969696969697,
    0.6484848484848483,
    0.6969696969696969,
    -0.32121212121212117,
    -0.2833333333333333,
    0.006060606060606061,
    -0.2807034823290016,
    -0.18223281903128208,
    0.38175186751720386,
    -0.3873335483621993,
    0.29696969696969694,
    0.3006841514016155,
    0.43859919113906487,
    -0.2920418308144341,
    -0.1515151515151515
  ]
}