{
  "k=3": {
    "comprehensiveness_mean": 0.08698054999113083,
    "comprehensiveness_std": 0.38794673798338997,
    "sufficiency_mean": 0.07128078445792198,
    "sufficiency_std": 0.2076102216036238,
    "n_examples": 50
  },
  "k=5": {
    "comprehensiveness_mean": 0.09144417881965637,
    "comprehensiveness_std": 0.37035132912096214,
    "sufficiency_mean": 0.007514814883470535,
    "sufficiency_std": 0.21321117793580707,
    "n_examples": 50
  },
  "k=10": {
    "comprehensiveness_mean": 0.19314758017659187,
    "comprehensiveness_std": 0.37432266125767744,
    "sufficiency_mean": 0.0272542867064476,
    "sufficiency_std": 0.1629846846270059,
    "n_examples": 50
  },
  "comprehensiveness_mean": 0.09144417881965637,
  "comprehensiveness_std": 0.37035132912096214,
  "sufficiency_mean": 0.007514814883470535,
  "sufficiency_std": 0.21321117793580707,
  "n_examples": 50
}