{
  "mean": [
    0.5917339359986419,
    0.6150201595789831,
    0.6420369663016722,
    0.5856317375435024,
    0.567877302436126,
    0.5931714200831848,
    0.6584655377302437,
    0.5632363551481199,
    0.5821396740514387,
    0.5414343009931245,
    0.6759907902554961,
    0.71826521517698
  ],
  "std": [
    0.3320077240028212,
    0.34780318355222894,
    0.2986115475841985,
    0.34019217184589357,
    0.32996452750886207,
    0.3445328569588226,
    0.32368137640145167,
    0.3440131374048293,
    0.33035041550069755,
    0.3250466518134852,
    0.35423488312050433,
    0.31046866434707804
  ],
  "n_examples": 30
}