{
  "mean_spearman_r": 0.11420021545890655,
  "std_spearman_r": 0.38692337828112305,
  "n_examples": 82,
  "per_example": [
    0.4666666666666666,
    0.4392583373810635,
    0.8666666666666665,
    0.7243754556493464,
    0.07294866524160776,
    0.29046337745874207,
    0.7212121212121211,
    0.5151515151515151,
    0.5,
    -0.6491268028858163,
    -0.5406942842039368,
    -0.7999999999999999,
    -0.1138955118945513,
    0.5614069646580032,
    0.5757575757575757,
    0.1067933116108467,
    0.6484848484848483,
    1.0,
    0.5833333333333334,
    0.07719345764047543,
    0.10585984987934428,
    0.24848484848484845,
    0.6848484848484848,
    0.26531115908935426,
    0.0,
    0.23636363636363633,
    -0.5018793501314509,
    -0.19999999999999998,
    0.030974133571227854,
    -0.03157914176201267,
    -0.20975189918866177,
    -0.06666666666666665,
    0.13939393939393938,
    -0.013667461427346159,
    -0.011188215848576648,
    -0.01818181818181818,
    0.07833995256455874,
    0.2277910237891026,
    0.11579018646071314,
    0.0303030303030303,
    0.3280190742563077,
    0.4666666666666666,
    0.22424242424242422,
    0.07368466411136292,
    -0.7836011218345129,
    0.22252810407893206,
    -0.32276138393806436,
    -0.3862567843473991,
    0.5030303030303029,
    -0.06666666666666665,
    0.2414584852164488,
    0.18787878787878787,
    0.30979579235317956,
    -0.12727272727272726,
    0.28873955423363945,
    -0.19350555763920055,
    0.8181818181818182,
    0.6267761055315589,
    -0.33333333333333326,
    0.29696969696969694,
    0.3939393939393939,
    -0.2380952380952381,
    0.20956774188597443,
    0.4423154357219191,
    0.10303030303030303,
    -0.32276138393806436,
    -0.13939393939393938,
    -0.5476190476190477,
    -0.49090909090909085,
    0.32982659173657675,
    -0.01383158940279724,
    0.2035100246885261,
    -0.4545454545454545,
    0.31757954963803287,
    0.23944255716935955,
    -0.09090909090909088,
    -0.4787878787878787,
    0.406060606060606,
    0.16363636363636364,
    0.4424242424242424,
    -0.42905650776858417,
    -0.2121212121212121
  ]
}