{
  "k=3": {
    "comprehensiveness_mean": 0.17589414530865302,
    "comprehensiveness_std": 0.44610373360165784,
    "sufficiency_mean": 0.021688078484702403,
    "sufficiency_std": 0.27716857403262846,
    "n_examples": 82
  },
  "k=5": {
    "comprehensiveness_mean": 0.18779433343741225,
    "comprehensiveness_std": 0.46703065742841,
    "sufficiency_mean": 0.022348890444490968,
    "sufficiency_std": 0.23937588453194286,
    "n_examples": 82
  },
  "k=10": {
    "comprehensiveness_mean": 0.29733233753500915,
    "comprehensiveness_std": 0.4600748105432987,
    "sufficiency_mean": -0.0012140047577459637,
    "sufficiency_std": 0.20059264395949927,
    "n_examples": 82
  },
  "comprehensiveness_mean": 0.18779433343741225,
  "comprehensiveness_std": 0.46703065742841,
  "sufficiency_mean": 0.022348890444490968,
  "sufficiency_std": 0.23937588453194286,
  "n_examples": 82
}