{
  "mean": [
    0.7462361789544075,
    0.49004509611056446,
    0.6996991740252331,
    0.7101826999131237,
    0.5880067176440732,
    0.6788480115662401,
    0.7628731149751689,
    0.761276134719652,
    0.79307055980676,
    0.7685932078903837,
    0.7702482601551922,
    0.8117987828032758
  ],
  "std": [
    0.3233429348725052,
    0.31990484092921284,
    0.36393525633349016,
    0.31905998029142973,
    0.36865772095678256,
    0.34257851744445095,
    0.3394765120135481,
    0.32330491082373697,
    0.3181246710537426,
    0.3167569556642737,
    0.3341383586517459,
    0.2857824493473851
  ],
  "n_examples": 82
}