{
  "mean_spearman_r": 0.12765515813083833,
  "std_spearman_r": 0.3723119371556881,
  "n_examples": 82,
  "per_example": [
    -0.13939393939393938,
    -0.3098276026226582,
    0.6121212121212121,
    0.21884599572482327,
    -0.15034207570080774,
    0.3042949668615393,
    0.38181818181818183,
    -0.13939393939393938,
    1.0,
    0.5417098291214407,
    -0.2385979599796513,
    -0.39999999999999997,
    0.12756297332189748,
    0.6275191383121747,
    0.32121212121212117,
    -0.4338174150225645,
    -0.006060606060606061,
    -0.39999999999999997,
    0.11666666666666665,
    0.2414584852164488,
    0.2000012311594136,
    -0.10303030303030303,
    0.16363636363636364,
    0.5527100054836902,
    0.0,
    0.6606060606060605,
    -0.3904223976247205,
    -0.23636363636363633,
    0.6788172508915258,
    0.007017587058225039,
    0.48000410944635213,
    -0.3696969696969697,
    -0.5030303030303029,
    0.31890743330474364,
    -0.05961458113259856,
    0.6606060606060605,
    0.5433846603228955,
    -0.06666666666666665,
    0.41206351890362974,
    -0.6423706870852693,
    0.13667461427346156,
    0.35757575757575755,
    0.15438691528095086,
    0.06338185336835989,
    -0.41913548377194887,
    0.08983485565885997,
    -0.2124156116515466,
    -0.5324445893606059,
    0.4373587656750771,
    0.10303030303030303,
    0.49090909090909085,
    0.6,
    -0.050114025233602574,
    0.28484848484848485,
    0.44293989817936164,
    0.29807905097604837,
    0.5393939393939393,
    0.07744894808829489,
    0.17575757575757575,
    0.9272727272727272,
    0.10933969141876927,
    -0.04761904761904763,
    0.1138955118945513,
    -0.3552523724504631,
    -0.3690214585383462,
    -0.16335700049994456,
    0.0,
    -0.28571428571428575,
    0.17575757575757575,
    0.5922566618516668,
    -0.3371307152078719,
    0.23158037292142628,
    0.6606060606060605,
    0.5632099273937838,
    0.28873955423363945,
    0.12727272727272726,
    0.2606060606060606,
    0.24848484848484845,
    -0.19298364410118854,
    0.6848484848484848,
    0.2272073864300866,
    -0.6121212121212121
  ]
}