{
  "mean": [
    0.5522258886498483,
    0.5231087539911068,
    0.5250113110227888,
    0.4880768143859966,
    0.471798478900344,
    0.52546664836837,
    0.5111703755355117,
    0.4681314142576696,
    0.44747757622578277,
    0.4569231999468729,
    0.5035467999241313,
    0.5277007963342253
  ],
  "std": [
    0.3466802861687098,
    0.33501999986403674,
    0.34180568755546037,
    0.3476816708356961,
    0.33193180727675553,
    0.3332369802538155,
    0.35112252116456116,
    0.3265426331594418,
    0.322336296060752,
    0.34903256100631647,
    0.3336711706470089,
    0.33369458951872705
  ],
  "n_examples": 82
}