{
  "model": "biobert",
  "label": "BioBERT (domain)",
  "attention_plausibility_mean": 0.5277007963342253,
  "attention_plausibility_std": 0.3336945895187271,
  "per_layer_plausibility_mean": [
    0.5522258886498483,
    0.5231087539911068,
    0.5250113110227888,
    0.4880768143859966,
    0.471798478900344,
    0.52546664836837,
    0.5111703755355117,
    0.4681314142576696,
    0.44747757622578277,
    0.4569231999468729,
    0.5035467999241313,
    0.5277007963342253
  ],
  "lime_plausibility_mean": 0.7171286031042128,
  "lime_plausibility_std": 0.35859951890805714,
  "k=3": {
    "comprehensiveness_mean": 0.19858503107708403,
    "comprehensiveness_std": 0.4769315220478646,
    "sufficiency_mean": -0.04482740945205456,
    "sufficiency_std": 0.21957873895943736,
    "n_examples": 82
  },
  "k=5": {
    "comprehensiveness_mean": 0.1786686766824526,
    "comprehensiveness_std": 0.45692257138165654,
    "sufficiency_mean": -0.02804878163265019,
    "sufficiency_std": 0.20290854645015363,
    "n_examples": 82
  },
  "k=10": {
    "comprehensiveness_mean": 0.158685523925758,
    "comprehensiveness_std": 0.4580185665632873,
    "sufficiency_mean": 0.008542930752765842,
    "sufficiency_std": 0.1764211634846784,
    "n_examples": 82
  },
  "comprehensiveness_mean": 0.1786686766824526,
  "comprehensiveness_std": 0.45692257138165654,
  "sufficiency_mean": -0.02804878163265019,
  "sufficiency_std": 0.20290854645015363,
  "n_examples": 82,
  "cross_agreement_spearman": 0.12765515813083833,
  "cross_agreement_std": 0.3723119371556881,
  "n_attention": 82,
  "n_lime": 82
}