{
  "mean_spearman_r": 0.08700784662103851,
  "std_spearman_r": 0.3623695367476044,
  "n_examples": 30,
  "per_example": [
    0.5280945570982553,
    0.18890054977656792,
    0.5056960728118078,
    -0.44226420580601616,
    -0.309090909090909,
    0.2121212121212121,
    0.482762753753515,
    0.5030303030303029,
    -0.309090909090909,
    0.4545454545454545,
    0.13667461427346156,
    0.0577651207583368,
    -0.07878787878787878,
    -0.5,
    0.43859919113906487,
    0.7212121212121211,
    0.18787878787878787,
    0.6651497894641797,
    -0.37444973022648037,
    0.38333333333333336,
    0.12727272727272726,
    0.2175451988049762,
    -0.3754409076150396,
    -0.11993411658129383,
    -0.5338993509479735,
    -0.12727272727272726,
    0.09111640951564104,
    -0.3143516128289616,
    0.2840286409986906,
    -0.09090909090909088
  ]
}