{
  "mean": [
    0.6288841834494008,
    0.5433369821127257,
    0.6223052360809798,
    0.619462523238267,
    0.6184163471920908,
    0.6363589309241483,
    0.6208033753685928,
    0.5919649915302089,
    0.47932543810118167,
    0.6155508501160675,
    0.6428463616221054,
    0.6035667231319405
  ],
  "std": [
    0.3845175859405909,
    0.397875557535164,
    0.38675026501369075,
    0.39259306307586944,
    0.37911063021449204,
    0.39361312925511655,
    0.38735346800493187,
    0.38259951023916516,
    0.348137505753517,
    0.4040557583138753,
    0.37130307229842296,
    0.3781516450491704
  ],
  "n_examples": 30
}