{
  "mean_spearman_r": 0.2022580356628961,
  "std_spearman_r": 0.3462371627231597,
  "n_examples": 30,
  "per_example": [
    0.32071750556584594,
    -0.2841429218187763,
    0.5193635342391539,
    0.0072206400947921,
    0.8181818181818182,
    0.6121212121212121,
    0.3056302732806065,
    0.5145351257840574,
    -0.06666666666666665,
    0.4545454545454545,
    0.1412304347492436,
    -0.20939856274897092,
    0.16363636363636364,
    0.5,
    -0.014035174116450078,
    0.4424242424242424,
    -0.6969696969696969,
    0.5757575757575757,
    0.4668244416806483,
    0.5499999999999999,
    0.07878787878787878,
    -0.47489079557631203,
    0.20956774188597443,
    0.3873335483621993,
    0.29696969696969694,
    0.24848484848484845,
    -0.33333333333333326,
    0.4366305454264792,
    0.030548672472330958,
    0.06666666666666665
  ]
}