{
  "mean": [
    0.8060844029265082,
    0.4788007898534214,
    0.7490858459279512,
    0.7479747348168401,
    0.6491460975671502,
    0.6748265866686919,
    0.8008402318928635,
    0.770284676337308,
    0.8008402318928636,
    0.7898084858611175,
    0.7556021366547684,
    0.8039354699881016
  ],
  "std": [
    0.3049637358409829,
    0.30871855946331833,
    0.3437561184627856,
    0.30950708003022426,
    0.37437133040035414,
    0.3406821963101165,
    0.3106840230901298,
    0.3291172946817737,
    0.3233025861379218,
    0.3073264663828778,
    0.33351930362457655,
    0.301686728759969
  ],
  "n_examples": 30
}