{
  "mean_spearman_r": -0.002365566277142672,
  "std_spearman_r": 0.3955706771969404,
  "n_examples": 30,
  "per_example": [
    0.5131543173483737,
    0.5616745953397205,
    -0.2779050490227052,
    -0.43030303030303024,
    0.32121212121212117,
    0.5151515151515151,
    0.09824621881515054,
    -0.05454545454545454,
    -0.29696969696969694,
    0.4424242424242424,
    0.41913548377194887,
    -0.574014049908301,
    0.05454545454545454,
    -1.0,
    0.29517494086643487,
    0.29696969696969694,
    0.17575757575757575,
    0.4692495090055514,
    -0.2464849853213996,
    -0.21666666666666667,
    -0.8060606060606059,
    0.09111640951564104,
    -0.03189074333047437,
    0.10175501234426305,
    0.0303030303030303,
    0.2606060606060606,
    -0.5466984570938462,
    0.12727272727272726,
    -0.06620746337191064,
    -0.29696969696969694
  ]
}