{
  "k=3": {
    "comprehensiveness_mean": 0.1897413194179535,
    "comprehensiveness_std": 0.42724740346864454,
    "sufficiency_mean": -0.017026082277297974,
    "sufficiency_std": 0.319186377642051,
    "n_examples": 50
  },
  "k=5": {
    "comprehensiveness_mean": 0.18846314460039137,
    "comprehensiveness_std": 0.4258091744877969,
    "sufficiency_mean": -0.015465963780879975,
    "sufficiency_std": 0.24709312936527378,
    "n_examples": 50
  },
  "k=10": {
    "comprehensiveness_mean": 0.20207436349242924,
    "comprehensiveness_std": 0.42317993709853335,
    "sufficiency_mean": -0.031130446791648864,
    "sufficiency_std": 0.23773644919484552,
    "n_examples": 50
  },
  "comprehensiveness_mean": 0.18846314460039137,
  "comprehensiveness_std": 0.4258091744877969,
  "sufficiency_mean": -0.015465963780879975,
  "sufficiency_std": 0.24709312936527378,
  "n_examples": 50
}