{
  "mean": [
    0.46486861092124243,
    0.4765136325662641,
    0.464500645553277,
    0.379939621781727,
    0.33436014278119536,
    0.32919647603858126,
    0.3352931571352624,
    0.36133097896255795,
    0.3270596946912736,
    0.3984028252449306,
    0.40889344573555103,
    0.41582706766917293
  ],
  "std": [
    0.30614637465567296,
    0.3114776737607893,
    0.30181700938186656,
    0.2831799887913808,
    0.2666160727471108,
    0.25936086573392064,
    0.26679165982634556,
    0.2938327009637437,
    0.2847030603277253,
    0.2852703556504511,
    0.29811260623722124,
    0.2818260456851799
  ],
  "n_examples": 30
}