{
  "mean_spearman_r": 0.06688224390185916,
  "std_spearman_r": 0.3710542199492539,
  "n_examples": 82,
  "per_example": [
    0.6121212121212121,
    -0.43984454300895226,
    0.6606060606060605,
    0.21276694028802262,
    0.1412304347492436,
    0.4343119072478333,
    0.7333333333333332,
    0.25512594664379495,
    -0.5,
    -0.4512580392259248,
    -0.059649489994912826,
    -0.39999999999999997,
    -0.03644656380625642,
    -0.22901052472197977,
    -0.29696969696969694,
    -0.10016301749301444,
    0.5151515151515151,
    -1.0,
    -0.2833333333333333,
    -0.29285776891321874,
    -0.173121178079718,
    0.4787878787878787,
    -0.07878787878787878,
    0.07242839949065852,
    0.0,
    0.32121212121212117,
    -0.11581831156879639,
    -0.32121212121212117,
    0.6105300740655784,
    0.3017562435036767,
    -0.47080895222063,
    0.35757575757575755,
    -0.01818181818181818,
    0.35535399711100013,
    0.48009907035403177,
    0.5878787878787878,
    -0.19178282129043372,
    -0.07746670967243986,
    0.12459219687932116,
    -0.32121212121212117,
    -0.350798176635218,
    0.28484848484848485,
    -0.5785892004243207,
    -0.08575585429734289,
    0.03189074333047437,
    0.39785327698960576,
    0.4000034245386267,
    -0.2746546979295595,
    0.8060606060606059,
    0.16856535760393596,
    0.17575757575757575,
    0.6363636363636362,
    -0.173121178079718,
    -0.16363636363636364,
    -0.4859275424907591,
    0.3200979785246589,
    0.7333333333333332,
    0.22456278586320125,
    -0.32121212121212117,
    0.2121212121212121,
    0.1515151515151515,
    0.023809523809523815,
    0.1138955118945513,
    -0.23072708910752796,
    -0.15945371665237182,
    0.29473865644545166,
    0.2334152385183403,
    -0.023809523809523815,
    0.4692495090055514,
    -0.28484848484848485,
    -0.22839035776026143,
    -0.054669845709384636,
    0.3696969696969697,
    0.42763684271555585,
    -0.1964085695197208,
    0.07878787878787878,
    0.8303030303030302,
    -0.33333333333333326,
    0.1515151515151515,
    0.6484848484848483,
    -0.13358184175365387,
    -0.01818181818181818
  ]
}