{
  "mean": [
    0.5857529068253603,
    0.5649805120752037,
    0.5783599948592776,
    0.5663983911831832,
    0.5376055496392657,
    0.5935378167982186,
    0.6215490212800115,
    0.5533704638259874,
    0.5494176077389852,
    0.5421806493363165,
    0.6156916672519256,
    0.6592436556747893
  ],
  "std": [
    0.3455635482318357,
    0.3721044324759583,
    0.3486858861153718,
    0.3623112651558273,
    0.347081651512859,
    0.3647898284500103,
    0.352623082713116,
    0.36494292353668445,
    0.31825636298322596,
    0.32145718633860365,
    0.3701166527680154,
    0.3535777985989312
  ],
  "n_examples": 82
}