{
  "model": "clinicalbert",
  "label": "ClinicalBERT (clinical)",
  "attention_plausibility_mean": 0.6592436556747892,
  "attention_plausibility_std": 0.3535777985989312,
  "per_layer_plausibility_mean": [
    0.5857529068253603,
    0.5649805120752037,
    0.5783599948592776,
    0.5663983911831832,
    0.5376055496392657,
    0.5935378167982186,
    0.6215490212800115,
    0.5533704638259874,
    0.5494176077389852,
    0.5421806493363165,
    0.6156916672519256,
    0.6592436556747893
  ],
  "lime_plausibility_mean": 0.7009555485165242,
  "lime_plausibility_std": 0.3631285592485934,
  "k=3": {
    "comprehensiveness_mean": 0.0841248019303127,
    "comprehensiveness_std": 0.36160627071913337,
    "sufficiency_mean": 0.009525298254518973,
    "sufficiency_std": 0.2198010782107938,
    "n_examples": 82
  },
  "k=5": {
    "comprehensiveness_mean": 0.046693323202794644,
    "comprehensiveness_std": 0.3449854089462573,
    "sufficiency_mean": -0.015801313265067774,
    "sufficiency_std": 0.23483367291088186,
    "n_examples": 82
  },
  "k=10": {
    "comprehensiveness_mean": 0.09404002298123953,
    "comprehensiveness_std": 0.3758496724115789,
    "sufficiency_mean": -0.010154097818019913,
    "sufficiency_std": 0.14379312518048284,
    "n_examples": 82
  },
  "comprehensiveness_mean": 0.046693323202794644,
  "comprehensiveness_std": 0.3449854089462573,
  "sufficiency_mean": -0.015801313265067774,
  "sufficiency_std": 0.23483367291088186,
  "n_examples": 82,
  "cross_agreement_spearman": 0.06688224390185916,
  "cross_agreement_std": 0.3710542199492539,
  "n_attention": 82,
  "n_lime": 82
}